id;label;shape;bgcolor;fontcolor;rank;subgraph;mainGraph;is_terminal;href;tooltip;descr;openSource;keyQuestions;keyLink
Project Start;Project Start;rectangle;#005AB5;white;1;initial;initial;no;NA;;NA;;What is the gap in the literature and the resulting research question? || Is funding available to conduct the project? || What are the time plan and work packages of the project? || Who is responsible for what in the project?;https://igor-biodgps.github.io/ARIADNE/contentpages/step1.html#step-1-project-start
Project Start;Project Start;rectangle;#005AB5;white;1;ProjectStart;ProjectStart;no;NA;;NA;;;
Literature;Literature;diamond;#40B0A6;white;2;ProjectStart;ProjectStart;no;NA;;NA;;;
Literature;Literature;diamond;#40B0A6;white;2;Literature;ProjectStart;no;NA;;NA;;;
Unpaywall;Unpaywall;ellipse;#D41159;white;3;Literature;ProjectStart;yes;https://unpaywall.org/;https://unpaywall.org/;If you would like to read an article that is not open access, and your institution does not subscribe to the journal, consider Unpaywall.;FALSE;;
How to get a paper;How to get a paper;ellipse;#D41159;white;3;Literature;ProjectStart;yes;https://twitter.com/AStrasser116/status/1576648460194807808?s=20&t=9Zfcge_IfN5hzMf7Dt9Pxw;https://twitter.com/AStrasser116/status/1576648460194807808?s=20&t=9Zfcge_IfN5hzMf7Dt9Pxw;How to download academic papers and books for free.;FALSE;;
Literature Excel organization;Literature Excel organization;ellipse;#D41159;white;3;Literature;ProjectStart;yes;https://www.youtube.com/watch?v=Y40Wy1guAiQ;https://www.youtube.com/watch?v=Y40Wy1guAiQ;No literature review will ever be the same again, if you use this tutorial to organize all your literature in Excel.;FALSE;;
Elicit;Elicit;ellipse;#D41159;white;3;Literature;ProjectStart;yes;https://elicit.org/;https://elicit.org/;"Elicit is your AI research assistant that ""uses language models to help you automate research workflows"", by finding ""relevant papers without perfect keyword match"", summarizing ""takeaways from the paper specific to your question"", and extracting relevant information.";FALSE;;
Connected Papers;Connected Papers;ellipse;#D41159;white;3;Literature;ProjectStart;yes;https://www.connectedpapers.com/;https://www.connectedpapers.com/;"To explore connections between published papers (e.g., for a literature review), use Connected Papers. This is also nice to see the reach of your own research! It is a ""unique, visual tool to help researchers and applied scientists find and explore papers relevant to their field of work"".";FALSE;;
Snowball;Snowball;ellipse;#D41159;white;3;Literature;ProjectStart;yes;https://github.com/shaunabanana/snowball;https://github.com/shaunabanana/snowball;A tool that would find related articles with snowballing method.;FALSE;;
Research Rabbit;Research Rabbit;ellipse;#D41159;white;3;Literature;ProjectStart;yes;https://www.researchrabbit.ai/;https://www.researchrabbit.ai/;Use Research Rabbit to find both germinal and future works from a single (or multiple) works.;FALSE;;
Scholarcy;Scholarcy;ellipse;#D41159;white;3;Literature;ProjectStart;yes;https://www.scholarcy.com/;https://www.scholarcy.com/;Want an AI to summarize literature for you? Wait no more, Scholarcy comes to the rescue.;FALSE;;
LitMaps;LitMaps;ellipse;#D41159;white;3;Literature;ProjectStart;yes;https://www.litmaps.com/;https://www.litmaps.com/;An all-rounder tool for visual research navigation, citation network search, and team synchronization.;FALSE;;
10 ways to OpenAccess;10 ways to OpenAccess;ellipse;#D41159;white;3;Literature;ProjectStart;yes;https://alelazic.blogspot.com/2021/11/ten-ways-to-find-open-access-articles.html;https://alelazic.blogspot.com/2021/11/ten-ways-to-find-open-access-articles.html;A list of 10 different ways to get to open-access articles.;FALSE;;
Consensus;Consensus;ellipse;#D41159;white;3;Literature;ProjectStart;yes;https://consensus.app/;https://consensus.app/;A search engine that uses AI to extract and summarize findings from scientific work.;FALSE;;
Seaboat;Seaboat;ellipse;#D41159;white;3;Literature;ProjectStart;yes;https://www.seaboat.io/;https://www.seaboat.io/;This app helps you organize your evaluation of a empirical research, focusing on threats to validity. Read the corresponding paper here: https://psyarxiv.com/fc8v3.;FALSE;;
Semantic Scholar;Semantic Scholar;ellipse;#D41159;white;3;Literature;ProjectStart;yes;https://www.semanticscholar.org/;https://www.semanticscholar.org/;A free, AI-powered research tool to find scientific literature.;FALSE;;
Improving Statistical Questions by Daniel Lakens;Improving Statistical Questions by Daniel Lakens;ellipse;#D41159;white;3;Literature;ProjectStart;yes;https://www.coursera.org/learn/improving-statistical-questions;https://www.coursera.org/learn/improving-statistical-questions;The course aims to help you to ask better statistical questions when performing empirical research.;TRUE;;
Brain Interpreter;Brain Interpreter;ellipse;#D41159;white;3;Literature;ProjectStart;yes;https://braininterpreter.com/;https://braininterpreter.com/;An artificial neural network that predicts brain activation maps from snippets of text.;FALSE;;
Open Access Button;Open Access Button;ellipse;#D41159;white;3;Literature;ProjectStart;yes;https://openaccessbutton.org/;https://openaccessbutton.org/;Free, legal research articles delivered instantly or automatically requested from authors.;TRUE;;
MeSH;MeSH;ellipse;#D41159;white;3;Literature;ProjectStart;yes;https://www.ncbi.nlm.nih.gov/mesh/;https://www.ncbi.nlm.nih.gov/mesh/;MeSH (Medical Subject Headings) is the NLM controlled vocabulary thesaurus used for indexing PubMed citations. Use the MeSH database to find MeSH terms, including Subheadings, Publication Types, Supplementary Concepts and Pharmacological Actions, and then build a PubMed search. The MeSH database can be searched by MeSH term, MeSH Entry Term, Subheading, Publication Type, Supplementary Concept, or MeSH Scope Note.;FALSE;;
Communities;Communities;diamond;#40B0A6;white;2;ProjectStart;ProjectStart;no;NA;;NA;FALSE;;
Communities;Communities;diamond;#40B0A6;white;2;Communities;ProjectStart;no;NA;;NA;;;
Open Knowledge Foundation;Open Knowledge Foundation;ellipse;#D41159;white;3;Communities;ProjectStart;yes;https://okfn.org/en/;https://okfn.org/en/;The Open Knowledge Foundation creates digital tools, equip people with skills, and expand digitally savvy networks that understand the transformative power of openness.;HYBRID;;
Center for Open Science;Center for Open Science;ellipse;#D41159;white;3;Communities;ProjectStart;yes;https://www.cos.io/;https://www.cos.io/;Their mission is to increase openness, integrity, and reproducibility of research.;TRUE;;
Database of Open Science communities;Database of Open Science communities;ellipse;#D41159;white;3;Communities;ProjectStart;yes;https://docs.google.com/spreadsheets/d/1CuO7ZjJUuMGvvMmRfnXfPbvTnfWc5lO4oFE2U22nAic/edit?gid=1718200050#gid=1718200050;https://docs.google.com/spreadsheets/d/1CuO7ZjJUuMGvvMmRfnXfPbvTnfWc5lO4oFE2U22nAic/edit?gid=1718200050#gid=1718200050;A list of communities promoting/impacted by open science practices.;TRUE;;
International Network of Open Science & Scholarship Communities;International Network of Open Science & Scholarship Communities;ellipse;#D41159;white;3;Communities;ProjectStart;yes;https://osc-international.com/;https://osc-international.com/;INOSC is an international network of local Open Science & Open Scholarship communities (OSC). OSCs are hubs where academics learn from their peers how to make their workflows more open. More and more academics are joining OSCs, ready to put Open Science to practice.;TRUE;;
Global Reproducibility Networks;Global Reproducibility Networks;ellipse;#D41159;white;3;Communities;ProjectStart;yes;https://www.ukrn.org/global-networks/;https://www.ukrn.org/global-networks/;A Reproducibility Network (RN) is a national, peer-led consortium of researchers that aims to promote and ensure rigorous research practices by establishing appropriate training activities, designing and evaluating research improvement efforts, disseminating best practice and working with stakeholders to coordinate efforts across the sector.;TRUE;;
ReproducibiliTea;ReproducibiliTea;ellipse;#D41159;white;3;Communities;ProjectStart;yes;https://reproducibilitea.org/;https://reproducibilitea.org/;A grassroots journal club initiative that helps researchers create local Open Science journal clubs at their universities to discuss diverse issues, papers and ideas about improving science, reproducibility and the Open Science movement.;TRUE;;
The Society for the Improvement of Psychological Science;The Society for the Improvement of Psychological Science;ellipse;#D41159;white;3;Communities;ProjectStart;yes;https://improvingpsych.org/;https://improvingpsych.org/;Brings together scholars working to improve methods and practices in psychological science.;TRUE;;
Global Young Academy;Global Young Academy;ellipse;#D41159;white;3;Communities;ProjectStart;yes;https://globalyoungacademy.net/;https://globalyoungacademy.net/;"Please provide a short description of the resource (1-3 sentences):
The vision of the Global Young Academy (GYA) is science for all; science for the future, and its mission to give a voice to young scientists around the world.";TRUE;;
RepliCATS;RepliCATS;ellipse;#D41159;white;3;Communities;ProjectStart;yes;https://replicats.research.unimelb.edu.au/;https://replicats.research.unimelb.edu.au/;An interdisciplinary group of researchers interested in how structured group deliberation processes can improve scientific processes and practices, from post-publication peer review to improving the generalizability of research to global South contexts.;TRUE;;
Psychological Science Accelerator;Psychological Science Accelerator;ellipse;#D41159;white;3;Communities;ProjectStart;yes;https://psysciacc.org/;https://psysciacc.org/;"A globally distributed network of researchers that pool intellectual and material resources to accelerate the accumulation of rigorous knowledge in psychological science.
";TRUE;;
The Turing Way;The Turing Way;ellipse;#D41159;white;3;Communities;ProjectStart;yes;https://book.the-turing-way.org/;https://book.the-turing-way.org/;An open science, open collaboration, and community-driven project. We involve and support a diverse community of contributors to make data science accessible, comprehensible and effective for everyone.;;;
FORRT;FORRT;ellipse;#D41159;white;3;Communities;ProjectStart;yes;https://forrt.org/;https://forrt.org/;FORRT is a Framework for Open and Reproducible Research Training advancing research transparency, reproducibility, rigor, and ethics through pedagogical reform and meta-scientific research.;TRUE;;
ABRIR;ABRIR;ellipse;#D41159;white;3;Communities;ProjectStart;yes;https://abrirpsy.org/;https://abrirpsy.org/;"An international consortium of researchers that aims to identify the unique barriers faced by researchers from LMICs (low-to-middle income countries) while participating and leading in Big-Team/Open Science projects.
";TRUE;;
Public Open Science Institute (ZPID);Public Open Science Institute (ZPID);ellipse;#D41159;white;3;Communities;ProjectStart;yes;https://leibniz-psychology.org/en/;https://leibniz-psychology.org/en/;The supra-regional research support facility for psychology in German-speaking countries. It supports the entire scientific work process, from literature research and study planning to data collection and analyses to documentation, archiving and publication of results.;HYBRID;;
Funding;Funding;diamond;#40B0A6;white;2;ProjectStart;ProjectStart;no;NA;;NA;;;
Funding;Funding;diamond;#40B0A6;white;2;Funding;ProjectStart;no;NA;;NA;;;
Postdoc funding;Postdoc funding;ellipse;#D41159;white;3;Funding;ProjectStart;yes;https://research.jhu.edu/rdt/funding-opportunities/postdoctoral/;https://research.jhu.edu/rdt/funding-opportunities/postdoctoral/;Find a list of postdoctoral funding opportunities (there are also separate lists for neuroscience/neurology and cancer/oncology).;FALSE;;
Organization;Organization;diamond;#40B0A6;white;2;ProjectStart;ProjectStart;no;NA;;NA;;;
Organization;Organization;diamond;#40B0A6;white;2;Organization;ProjectStart;no;NA;;NA;;;
Brainverse;Brainverse;ellipse;#D41159;white;3;Organization;ProjectStart;yes;https://github.com/ReproNim/brainverse;https://github.com/ReproNim/brainverse;A neat, open-source, cross-platform tool for notetaking, experiment planning and a labbook tool.;FALSE;;
Notion;Notion;ellipse;#D41159;white;3;Organization;ProjectStart;yes;http://notion.so/;http://notion.so/;Notion is the best application there is to keep all your (PhD) note-taking mess in one place.;FALSE;;
Trello;Trello;ellipse;#D41159;white;3;Organization;ProjectStart;yes;https://trello.com/;https://trello.com/;Trello helps you stay organized and work together with others by letting you create lists about anything you want.;FALSE;;
The Good Research Code Handbook;The Good Research Code Handbook;ellipse;#D41159;white;3;Organization;ProjectStart;yes;https://goodresearch.dev/index.html;https://goodresearch.dev/index.html;Organize your code so that it is easy to understand and works reliably.;FALSE;;
Ganttrify;Ganttrify;ellipse;#D41159;white;3;Organization;ProjectStart;yes;https://github.com/giocomai/ganttrify;https://github.com/giocomai/ganttrify;Check out this handy tool to create Gantt charts in R.;FALSE;;
Miro;Miro;ellipse;#D41159;white;3;Organization;ProjectStart;yes;https://miro.com/;https://miro.com/;You can use Miro for creating visual presentations of anything, and most of all, for collaboration with others! The possibilities are endless.;FALSE;;
Toggl;Toggl;ellipse;#D41159;white;3;Organization;ProjectStart;yes;https://toggl.com/;https://toggl.com/;Time tracking software to boost performance and get paid for every billable minute. An intuitive tool that makes time tracking painless for the entire team.;FALSE;;
GitLab Roadmap;GitLab Roadmap;ellipse;#D41159;white;3;Organization;ProjectStart;yes;https://docs.gitlab.com/ee/user/group/roadmap/;https://docs.gitlab.com/ee/user/group/roadmap/;GitLab roadmap is a project 'roadmap' tool where you can plan your project in monthly, weekly, quarterly bins with subprojects and assignments etc.;FALSE;;
Big Team Setup;Big Team Setup;ellipse;#D41159;white;3;Organization;ProjectStart;yes;https://debruine.github.io/big-team-setup/;https://debruine.github.io/big-team-setup/;This guide is aimed at people wanting to start a big team science group from the grassroots, with little or no financial or administrative support.;FALSE;;
Time Graphic;Time Graphic;ellipse;#D41159;white;3;Organization;ProjectStart;yes;https://time.graphics/de/;https://time.graphics/de/;Free online timeline maker;FALSE;;
Study design;Study design;rectangle;#005AB5;white;1;initial;initial;no;NA;;NA;;What are the hypotheses and how can they be tested? || Which independent variables (IVs) are manipulated? || Which dependent variables (DVs) need to be measured? || Is approval by an ethics/institutional review board (IRB) needed? || How large should the sample be?;https://igor-biodgps.github.io/ARIADNE/contentpages/step2.html#step-2-study-design
Study design;Study design;rectangle;#005AB5;white;1;Studydesign;Studydesign;no;NA;;NA;;;
Sample size;Sample size;diamond;#40B0A6;white;2;Studydesign;Studydesign;no;NA;;NA;;;
Design framework;Design framework;diamond;#40B0A6;white;2;Studydesign;Studydesign;no;NA;;NA;;;
Data availability;Data availability;diamond;#40B0A6;white;2;Studydesign;Studydesign;no;NA;;NA;;;
Sample size;Sample size;diamond;#40B0A6;white;2;Samplesize;Studydesign;no;NA;;NA;;;
Sample size justification Shiny app;Sample size justification Shiny app;ellipse;#D41159;white;3;Samplesize;Studydesign;yes;https://shiny.ieis.tue.nl/sample_size_justification/;https://shiny.ieis.tue.nl/sample_size_justification/;If you need help justifying your sample size, use this Shiny app from Daniel Lakens.;FALSE;;
WebPower online tool;WebPower online tool;ellipse;#D41159;white;3;Samplesize;Studydesign;yes;https://webpower.psychstat.org/wiki/;https://webpower.psychstat.org/wiki/;WebPower is a collection of tools for conducting statistical power analysis online.;TRUE;;
Gpower;Gpower;ellipse;#D41159;white;3;Samplesize;Studydesign;yes;https://www.psychologie.hhu.de/arbeitsgruppen/allgemeine-psychologie-und-arbeitspsychologie/gpower;https://www.psychologie.hhu.de/arbeitsgruppen/allgemeine-psychologie-und-arbeitspsychologie/gpower;G*Power is a tool to compute statistical power analyses for many different t tests, F tests, ?2 tests, z tests and some exact tests. G*Power can also be used to compute effect sizes and to display graphically the results of power analyses.;FALSE;;
Design framework;Design framework;diamond;#40B0A6;white;2;Designframework;Studydesign;no;NA;;NA;;;
Presentation;Presentation;ellipse;#D41159;white;4;Designframework;Studydesign;yes;https://www.neurobs.com/menu_presentation/menu_features/features_overview;https://www.neurobs.com/menu_presentation/menu_features/features_overview;Presentation is a stimulus delivery and experiment control program for neuroscience;FALSE;;
Pavlovia;Pavlovia;ellipse;#D41159;white;4;Designframework;Studydesign;yes;https://pavlovia.org/;https://pavlovia.org/;Pavlovia is a place for the wide community of researchers in the behavioural sciences to run, share, and explore experiments online.;FALSE;;
Matlab;Matlab;diamond;#40B0A6;white;3;Designframework;Studydesign;no;NA;;NA;;;
Python;Python;diamond;#40B0A6;white;3;Designframework;Studydesign;no;NA;;NA;;;
Javascript;Javascript;diamond;#40B0A6;white;3;Designframework;Studydesign;no;NA;;NA;;;
Matlab;Matlab;diamond;#40B0A6;white;3;Matlab;Studydesign;no;NA;;NA;;;
Psychtoolbox;Psychtoolbox;ellipse;#D41159;white;4;Matlab;Studydesign;yes;http://psychtoolbox.org/;http://psychtoolbox.org/;Psychtoolbox is an open-source software package used in MATLAB and GNU Octave for creating experiments in the fields of psychology, neuroscience, and vision research. It provides a collection of functions that allow researchers to control the presentation of stimuli and the collection of responses, making it a valuable tool for conducting behavioral experiments and studies involving human perception and cognition.;FALSE;;
Python;Python;diamond;#40B0A6;white;3;Python;Studydesign;no;NA;;NA;;;
PsychoPy;PsychoPy;ellipse;#D41159;white;4;Python;Studydesign;yes;https://www.psychopy.org/;https://www.psychopy.org/;PsychoPy is an open-source software package used for creating and conducting experiments in psychology and neuroscience, providing tools to generate various types of stimuli and collect data, often used in research and educational settings.;FALSE;;
Javascript;Javascript;diamond;#40B0A6;white;3;Javascript;Studydesign;no;NA;;NA;;;
JsPsych;JsPsych;ellipse;#D41159;white;4;Javascript;Studydesign;yes;https://www.jspsych.org/7.3/;https://www.jspsych.org/7.3/;jsPsych is a JavaScript framework designed to develop behavioral experiments that can be executed within a web browser.;FALSE;;
Gorilla;Gorilla;ellipse;#D41159;white;4;Designframework;Studydesign;yes;https://gorilla.sc/?gclid=CjwKCAjw6fyXBhBgEiwAhhiZshYWN20_NN2f-nllP964f5t21bRoEJCun03fT7cDfUsqt_Zqql3xWxoCUywQAvD_BwE;https://gorilla.sc/?gclid=CjwKCAjw6fyXBhBgEiwAhhiZshYWN20_NN2f-nllP964f5t21bRoEJCun03fT7cDfUsqt_Zqql3xWxoCUywQAvD_BwE;The Gorilla Experiment Builder is a cloud based research platform that allows researchers and students to quickly and easily create and host behavioural (reaction-time) experiments online.;FALSE;;
Data availability;Data availability;diamond;#40B0A6;white;2;Dataavailability;Studydesign;no;NA;;NA;;;
Datasets;Datasets;diamond;#40B0A6;white;3;Dataavailability;Studydesign;no;NA;;NA;;;
Datasets;Datasets;diamond;#40B0A6;white;3;Datasets;Studydesign;no;NA;;NA;;;
Imaging data;Imaging data;diamond;#40B0A6;white;4;Datasets;Studydesign;no;NA;;NA;;;
Emotions;Emotions;diamond;#40B0A6;white;4;Datasets;Studydesign;no;NA;;NA;;;
PsychOpen CAMA;PsychOpen CAMA;ellipse;#D41159;white;5;Datasets;Studydesign;yes;https://cama.psychopen.eu/;https://cama.psychopen.eu/;PsychOpen CAMA enables accessing meta-analytic datasets, reproducing meta-analyses and dynamically updating evidence from new primary studies collaboratively.;TRUE;;
24 days of databases;24 days of databases;ellipse;#D41159;white;5;Datasets;Studydesign;yes;https://twitter.com/fier_caitlin/status/1333731512676651008?s=20;https://twitter.com/fier_caitlin/status/1333731512676651008?s=20;Somebody on Twitter was gracious enough to summarize some cool datasets that you can work on.;FALSE;;
BIONIC project;BIONIC project;ellipse;#D41159;white;5;Datasets;Studydesign;yes;https://www.cambridge.org/core/journals/twin-research-and-human-genetics/article/genomics-research-of-lifetime-depression-in-the-netherlands-the-biobanks-netherlands-internet-collaboration-bionic-project/8D84DF040959752535F20AB99BEBB909;https://www.cambridge.org/core/journals/twin-research-and-human-genetics/article/genomics-research-of-lifetime-depression-in-the-netherlands-the-biobanks-netherlands-internet-collaboration-bionic-project/8D84DF040959752535F20AB99BEBB909;BIObanks Netherlands Internet Collaboration (BIONIC) Project: This article describes the BIONIC Project, a large-scale Dutch dataset (>100.000) individuals with genome-wide genotype data and informaton on depression-related phenotypes;FALSE;;
Emotions;Emotions;diamond;#40B0A6;white;4;Emotions;Studydesign;no;NA;;NA;;;
Popane;Popane;ellipse;#D41159;white;5;Emotions;Studydesign;yes;https://osf.io/94bpx/;https://osf.io/94bpx/;A large database on the psychophysiology of positive and negative emotions. This database involves recording of 1157 healthy participants, collected across seven studies, a continuous recordof self-reported affect along with several biosignals (electrocardiogram, impedance cardiogram, electrodermal activity, hemodynamic measures, e.g., blood pressure), respiration trace, and skin temperature. [The authors] experimentally elicited a wide range of positive and negative emotions, including amusement, anger, disgust, excitement, fear, gratitude, sadness, tenderness, and threat.;FALSE;;
Imaging data;Imaging data;diamond;#40B0A6;white;4;Imagingdata;Studydesign;no;NA;;NA;;;
NeuroSynth;NeuroSynth;ellipse;#D41159;white;5;Imagingdata;Studydesign;yes;https://neurosynth.org/;https://neurosynth.org/;Neurosynth is a platform for large-scale, automated synthesis of functional magnetic resonance imaging (fMRI) data.;FALSE;;
Study Implementation;Study Implementation;rectangle;#005AB5;white;1;initial;initial;no;NA;;NA;;What measures are most fitting (tasks, questionnaires, etc.)? || What stimuli need to be created (e.g., pictures, videos, text)? || Which programming environment should be used?;https://igor-biodgps.github.io/ARIADNE/contentpages/step3.html#step-3-study-implementation
Study Implementation;Study Implementation;rectangle;#005AB5;white;1;StudyImplementation;StudyImplementation;no;NA;;NA;;;
Preregistration Framework;Preregistration Framework;diamond;#40B0A6;white;2;StudyImplementation;StudyImplementation;no;NA;;NA;;;
Registered Report Framework;Registered Report Framework;ellipse;#D41159;white;2;StudyImplementation;StudyImplementation;yes;https://www.cos.io/initiatives/registered-reports;https://www.cos.io/initiatives/registered-reports;Registered Reports is a publishing format that emphasizes the importance of the research question and the quality of methodology by conducting peer review prior to data collection. High quality protocols are then provisionally accepted for publication if the authors follow through with the registered methodology.;FALSE;;
PRISMA Guidelines;PRISMA Guidelines;ellipse;#D41159;white;2;StudyImplementation;StudyImplementation;yes;https://www.prisma-statement.org/;https://www.prisma-statement.org/;The PRISMA guidelines are designed to help authors transparently report why their systematic review or meta-analysis was done, what methods they used, and what they found.;FALSE;;
Tests;Tests;diamond;#40B0A6;white;2;StudyImplementation;StudyImplementation;no;;;;FALSE;;
Tests;Tests;diamond;#40B0A6;white;2;Tests;StudyImplementation;no;;;;FALSE;;
Open Test Archive;Open Test Archive;ellipse;#D41159;white;3;Tests;StudyImplementation;yes;https://www.testarchiv.eu/en;https://www.testarchiv.eu/en;A repository for test instruments from various fields of psychology and related disciplines. Currently hosting 238 open access tests, it ranks among the largest repositories in the German-speaking regions and is updated and expanded on an ongoing basis.;FALSE;;
APA PsycTests;APA PsycTests;ellipse;#D41159;white;3;Tests;StudyImplementation;yes;https://www.apa.org/pubs/databases/psyctests;https://www.apa.org/pubs/databases/psyctests;A one-of-a-kind database of psychological tests and measures designed for use with social and behavioral science research.;FALSE;;
Preregistration Framework;Preregistration Framework;diamond;#40B0A6;white;2;PreregistrationFramework;StudyImplementation;no;NA;;NA;;;
PROSPERO;PROSPERO;ellipse;#D41159;white;3;PreregistrationFramework;StudyImplementation;yes;https://www.crd.york.ac.uk/prospero/;https://www.crd.york.ac.uk/prospero/;PROSPERO accepts registrations for systematic reviews, rapid reviews and umbrella reviews. PROSPERO does not accept scoping reviews or literature scans. Sibling PROSPERO sites registers systematic reviews of human studies and systematic reviews of animal studies.;FALSE;;
OSF Templates;OSF Templates;ellipse;#D41159;white;3;PreregistrationFramework;StudyImplementation;yes;https://osf.io/zg78t;https://osf.io/zg78t;A list of available preregistration templates.;FALSE;;
AsPredicted;AsPredicted Templates;ellipse;#D41159;white;3;PreregistrationFramework;StudyImplementation;yes;https://aspredicted.org/;https://aspredicted.org/;A platform to upload AsPredicted preregistrations.;FALSE;;
ZPID PreReg;ZPID PreReg;ellipse;#D41159;white;3;PreregistrationFramework;StudyImplementation;yes;https://prereg-psych.org/index.php/rrp;https://prereg-psych.org/index.php/rrp;A domain-specific repository for preregistrations.;FALSE;;
Stimulus Material;Stimulus Material;diamond;#40B0A6;white;2;StudyImplementation;StudyImplementation;no;NA;;NA;;;
Stimulus Material;Stimulus Material;diamond;#40B0A6;white;2;StimulusMaterial;StudyImplementation;no;NA;;NA;;;
EMBODY/EMFACE;EMBODY/EMFACE;ellipse;#D41159;white;3;StimulusMaterial;StudyImplementation;yes;https://www.psychologie.uni-freiburg.de/abteilungen/psychobio/tests;https://www.psychologie.uni-freiburg.de/abteilungen/psychobio/tests;This is a 2022 published tool to measure how good people can recognize emotions in the body or face.;FALSE;;
Empathy for pain;Empathy for pain;ellipse;#D41159;white;3;StimulusMaterial;StudyImplementation;yes;https://osf.io/2q3zu/files/osfstorage;https://osf.io/2q3zu/files/osfstorage;Pictures showing hands in painful situations that can be used to assess empathy for others' pain.;FALSE;;
Full body stimuli;Full body stimuli;ellipse;#D41159;white;3;StimulusMaterial;StudyImplementation;yes;https://www.paulconnorpsych.com/stimuli;https://www.paulconnorpsych.com/stimuli;Need some full-body stimuli in your experiments? Look no further.;FALSE;;
KAPODI;KAPODI;ellipse;#D41159;white;3;StimulusMaterial;StudyImplementation;yes;https://airtable.com/shrnVoUZrwu6riP9b/tbljKUnVvikhzaNvF/viwlo7OvlHBG2q88P?blocks=hide;https://airtable.com/shrnVoUZrwu6riP9b/tbljKUnVvikhzaNvF/viwlo7OvlHBG2q88P?blocks=hide;A huge database of every emotional stimuli you can think of and may want to use in your experiments.;FALSE;;
Piloting;Piloting;rectangle;#005AB5;white;1;initial;initial;no;NA;;NA;;Is the study feasible? || Do all manipulations work as intended?;https://igor-biodgps.github.io/ARIADNE/contentpages/step4.html#step-4-piloting
Piloting;Piloting;rectangle;#005AB5;white;1;Piloting;Piloting;no;NA;;NA;;;
Data simulation;Data simulation;ellipse;#D41159;white;2;Piloting;Piloting;yes;https://gretel.ai/blog/data-simulation#:~:text=Data%20simulation%20is%20the%20process,predict%20events%20and%20validate%20models;https://gretel.ai/blog/data-simulation#:~:text=Data%20simulation%20is%20the%20process,predict%20events%20and%20validate%20models;Data simulation in an experiment involves creating artificial or synthetic data that mimics the characteristics of real-world data. This process is commonly used for testing and validation purposes.;FALSE;;
Feasibility studies;Feasibility studies;ellipse;#D41159;white;2;Piloting;Piloting;yes;https://pilotandfeasibilitystudies.qmul.ac.uk/;https://pilotandfeasibilitystudies.qmul.ac.uk/;This website is designed to support those conducting pilot and feasibility studies using randomised and non-randomised designs and those carrying out methodological research on these types of studies.;FALSE;;
Webinars for pilot studies;Webinars for pilot studies;ellipse;#D41159;white;2;Piloting;Piloting;yes;https://www.youtube.com/playlist?list=PL1ZXkt3KzJhk3v3K1GCWYPZxZnydY0FC9;https://www.youtube.com/playlist?list=PL1ZXkt3KzJhk3v3K1GCWYPZxZnydY0FC9;A webinar series highlighting key points to consider when conducting pilot and feasibility studies prior to a definitive randomised controlled trial.;FALSE;;
Data collection;Data collection;rectangle;#005AB5;white;1;initial;initial;no;NA;;NA;;How can we make sure my data is safely stored, accessible, and backed up? || Is the data collected in a way that protects private and sensitive information (e.g., of participants)?;https://igor-biodgps.github.io/ARIADNE/contentpages/step5.html#step-5-data-collection
Data collection;Data collection;rectangle;#005AB5;white;1;Datacollection;Datacollection;no;NA;;NA;;;
Survey;Survey;diamond;#40B0A6;white;2;Datacollection;Datacollection;no;NA;;NA;;;
Survey;Survey;diamond;#40B0A6;white;2;Survey;Datacollection;no;NA;;NA;;;
formr;formr;ellipse;#D41159;white;3;Survey;Datacollection;yes;https://formr.org/;https://formr.org/;Chain simple surveys into long runs, use the power of R to generate pretty feedback and complex designs.;FALSE;;
fMRI_coll;fMRI;diamond;#40B0A6;white;2;Datacollection;Datacollection;no;NA;;NA;;;
fMRI_coll;fMRI;diamond;#40B0A6;white;2;fMRI_coll;Datacollection;no;NA;;NA;;;
BIDS;BIDS;ellipse;#D41159;white;3;fMRI_coll;Datacollection;yes;https://bids.neuroimaging.io/;https://bids.neuroimaging.io/;A simple and easy to adopt way of organizing neuroimaging and behavioral data.;FALSE;;
Existing data;Existing data;diamond;#40B0A6;white;2;Datacollection;Datacollection;no;NA;;NA;;;
Existing data;Existing data;diamond;#40B0A6;white;2;Existingdata;Datacollection;no;NA;;NA;;;
24 days of databases;24 days of databases;ellipse;#D41159;white;3;Existingdata;Datacollection;yes;https://twitter.com/fier_caitlin/status/1333731512676651008?s=20;https://twitter.com/fier_caitlin/status/1333731512676651008?s=20;Somebody on Twitter was gracious enough to summarize some cool datasets that you can work on.;FALSE;;
Popane dataset;Popane dataset;ellipse;#D41159;white;3;Existingdata;Datacollection;yes;https://osf.io/94bpx/;https://osf.io/94bpx/;A large database on the psychophysiology of positive and negative emotions. This database involves recording of 1157 healthy participants, collected across seven studies, a continuous recordof self-reported affect along with several biosignals (electrocardiogram, impedance cardiogram, electrodermal activity, hemodynamic measures, e.g., blood pressure), respiration trace, and skin temperature. [The authors] experimentally elicited a wide range of positive and negative emotions, including amusement, anger, disgust, excitement, fear, gratitude, sadness, tenderness, and threat.;FALSE;;
Landscaping Longitudinal Research;Landscaping Longitudinal Research;ellipse;#D41159;white;3;Existingdata;Datacollection;yes;https://www.landscaping-longitudinal-research.com/;https://www.landscaping-longitudinal-research.com/;Landscaped longitudinal datasets from across the world;FALSE;;
Re3data;Re3data;ellipse;#D41159;white;3;Existingdata;Datacollection;yes;https://www.re3data.org/;https://www.re3data.org/;Re3data is a global registry of research data repositories that covers research data repositories from different academic disciplines.;FALSE;;
Sci2sci;Sci2sci;ellipse;#D41159;white;3;Existingdata;Datacollection;yes;https://ods.beta.sci2sci.com/;https://ods.beta.sci2sci.com/;A platform designed to facilitate the search, publication, and acquisition of datasets.;FALSE;;
Mexca;Mexca;ellipse;#D41159;white;3;Existingdata;Datacollection;yes;https://github.com/mexca/mexca;https://github.com/mexca/mexca;Mexca is an open-source Python package which aims to capture human emotion expressions from videos in a single pipeline.;FALSE;;
Data validation;Data validation;rectangle;#005AB5;white;1;initial;initial;no;NA;;NA;;How can we ensure the quality and accuracy of the data? How can we store the data reproducibly?;https://igor-biodgps.github.io/ARIADNE/contentpages/step6.html#step-6-data-validation
Data validation;Data validation;rectangle;#005AB5;white;1;Datavalidation;Datavalidation;no;NA;;NA;;;
Data management;Data management;diamond;#40B0A6;white;2;Datavalidation;Datavalidation;no;NA;;NA;;;
Data management;Data management;diamond;#40B0A6;white;2;Datamanagement;Datavalidation;no;NA;;NA;;;
FAIR data;FAIR data;ellipse;#D41159;white;3;Datamanagement;Datavalidation;yes;https://www.nature.com/articles/sdata201618;https://www.nature.com/articles/sdata201618;The FAIR Guiding Principles for scientific data management and stewardship.;FALSE;;
RDMkit;RDMkit;ellipse;#D41159;white;3;Datamanagement;Datavalidation;yes;https://rdmkit.elixir-europe.org/;https://rdmkit.elixir-europe.org/;The Research Data Management toolkit for Life Sciences. Best practices and guidelines to help you make your data FAIR (Findable, Accessible, Interoperable and Reusable).;FALSE;;
Diffchecker;Diffchecker;ellipse;#D41159;white;3;Datamanagement;Datavalidation;yes;https://www.diffchecker.com/;https://www.diffchecker.com/;Diffchecker will compare text to find the difference between two text files. Just paste your files and click Find Difference;FALSE;;
Preprocessing;Preprocessing;diamond;#40B0A6;white;2;Datavalidation;Datavalidation;no;NA;;NA;;;
Preprocessing;Preprocessing;diamond;#40B0A6;white;2;Preprocessing;Datavalidation;no;NA;;NA;;;
Preprocessing guidelines for psychophysiological outcomes;Preprocessing guidelines for psychophysiological outcomes;ellipse;#D41159;white;3;Preprocessing;Datavalidation;yes;https://sprweb.org/general/custom.asp?page=Guidelines_Papers;https://sprweb.org/general/custom.asp?page=Guidelines_Papers;"This is a collection of helpful papers and guidelines on how to preprocess different psychophysiological data.
";TRUE;;
Type of data;Type of data;diamond;#40B0A6;white;3;Preprocessing;Datavalidation;no;NA;;NA;;;
Type of data;Type of data;diamond;#40B0A6;white;3;Typeofdata;Datavalidation;no;NA;;NA;;;
EEG;EEG;ellipse;#D41159;white;4;Typeofdata;Datavalidation;yes;https://www.hopkinsmedicine.org/health/treatment-tests-and-therapies/electroencephalogram-eeg;https://www.hopkinsmedicine.org/health/treatment-tests-and-therapies/electroencephalogram-eeg;What is an EEG?;FALSE;;
fMRI_val;fMRI;diamond;#40B0A6;white;4;Typeofdata;Datavalidation;no;NA;;NA;;;
fMRI_val;fMRI;diamond;#40B0A6;white;4;fMRI_val;Datavalidation;no;NA;;NA;;;
AFNI;AFNI;ellipse;#D41159;white;5;fMRI_val;Datavalidation;yes;https://afni.nimh.nih.gov/;https://afni.nimh.nih.gov/;AFNI (Analysis of Functional NeuroImages) is a leading software suite of C, Python, R programs and shell scripts primarily developed for the analysis and display of multiple MRI modalities: anatomical, functional MRI (FMRI) and diffusion weighted (DW) data.;FALSE;;
SPM;SPM;ellipse;#D41159;white;5;fMRI_val;Datavalidation;yes;https://www.fil.ion.ucl.ac.uk/spm/;https://www.fil.ion.ucl.ac.uk/spm/;Statistical Parametric Mapping refers to the construction and assessment of spatially extended statistical processes used to test hypotheses about functional imaging data.;FALSE;;
FSL;FSL;ellipse;#D41159;white;5;fMRI_val;Datavalidation;yes;https://fsl.fmrib.ox.ac.uk/fsl/fslwiki;https://fsl.fmrib.ox.ac.uk/fsl/fslwiki;FSL is a comprehensive library of analysis tools for FMRI, MRI and DTI brain imaging data.;FALSE;;
Freesurfer;Freesurfer;ellipse;#D41159;white;5;fMRI_val;Datavalidation;yes;https://surfer.nmr.mgh.harvard.edu/;https://surfer.nmr.mgh.harvard.edu/;An open source neuroimaging toolkit for processing, analyzing, and visualizing human brain MR images;FALSE;;
DICOM tags;DICOM tags;ellipse;#D41159;white;5;fMRI_val;Datavalidation;yes;https://exiftool.org/TagNames/DICOM.html;https://exiftool.org/TagNames/DICOM.html;Do you want to know where a specific information is saved in the DICOM file of your imaging data. Check out DICOM Tags.;FALSE;;
Data analysis;Data analysis;rectangle;#005AB5;white;1;initial;initial;no;NA;;NA;;What are specific analysis pipelines and programs that can be used for specific types of data (e.g., EEG, (f)MRI, behavior)? || What open-source software is a good alternative to proprietary products? || Which tools allow complete replicability of an analysis pipeline, independent of the specific operating system of a user or continuous software updates? || How are results visualized in a captivating, yet transparent and maximally inclusive way?;https://igor-biodgps.github.io/ARIADNE/contentpages/step7.html#step-7-data-analysis
Data analysis;Data analysis;rectangle;#005AB5;white;1;Dataanalysis;Dataanalysis;no;NA;;NA;;;
Data Visualization;Data Visualization;diamond;#40B0A6;white;2;Dataanalysis;Dataanalysis;no;NA;;NA;;;
Data Visualization;Data Visualization;diamond;#40B0A6;white;2;DataVisualization;Dataanalysis;no;NA;;NA;;;
fMRI_viz;fMRI;diamond;#40B0A6;white;3;DataVisualization;Dataanalysis;no;NA;;NA;;;
fMRI_viz;fMRI;diamond;#40B0A6;white;3;fMRI_viz;Dataanalysis;no;NA;;NA;;;
neurosynth compose;neurosynth compose;ellipse;#D41159;white;4;fMRI_viz;Dataanalysis;yes;https://compose.neurosynth.org/;https://compose.neurosynth.org/;Perform custom neuroimaging meta-analyses entirely in the browser, and quickly get results in the cloud using automated analysis pipelines.;FALSE;;
Neurosynth;Neurosynth;ellipse;#D41159;white;4;fMRI_viz;Dataanalysis;yes;https://neurosynth.org/;https://neurosynth.org/;NeuroSynth is for large-scale, automated synthesis of functional magnetic resonance imaging (fMRI) data. You can search for word associations and papers with specific MNI coordinates.;FALSE;;
MRIcroGL;MRIcroGL;ellipse;#D41159;white;4;fMRI_viz;Dataanalysis;yes;https://www.nitrc.org/projects/mricrogl/;https://www.nitrc.org/projects/mricrogl/;MRIcroGL is a software program used for visualizing and analyzing medical imaging data, particularly MRI (Magnetic Resonance Imaging) scans. It is a 3D viewer that allows researchers, clinicians, and students to examine brain images and perform various analyses, such as rendering images, exploring brain structures, and applying overlays to display additional information.;FALSE;;
MRIcron;MRIcron;ellipse;#D41159;white;4;fMRI_viz;Dataanalysis;yes;https://people.cas.sc.edu/rorden/mricron/index.HTML;https://people.cas.sc.edu/rorden/mricron/index.HTML;MRIcron is a widely used software tool for viewing and analyzing medical imaging data, particularly MRI (Magnetic Resonance Imaging) scans. It provides a user-friendly interface for visualizing 2D and 3D images, enabling researchers and clinicians to explore anatomical structures, apply overlays for functional data, and conduct basic analyses.;FALSE;;
Nipype;Nipype;ellipse;#D41159;white;4;fMRI_viz;Dataanalysis;yes;https://nipype.readthedocs.io/en/latest/;https://nipype.readthedocs.io/en/latest/;Nipype (Neuroimaging in Python: Pipelines and Interfaces) is an open-source Python library designed for building and executing neuroimaging analysis pipelines.;FALSE;;
fMRI analysis course;fMRI analysis course;ellipse;#D41159;white;4;fMRI_viz;Dataanalysis;yes;https://ucl.podia.com/designing-and-analysing-fmri-experiments;https://ucl.podia.com/designing-and-analysing-fmri-experiments;Learn how to design and analyze fMRI experiments in this free course.;FALSE;;
RepoNeuroVis;RepoNeuroVis;ellipse;#D41159;white;4;fMRI_viz;Dataanalysis;yes;https://github.com/sidchop/RepoNeuroVis;https://github.com/sidchop/RepoNeuroVis;A practical guide for generating reproducible and programmatic neuroimaging visualizations.;FALSE;;
Brain Atlas Framework;Brain Atlas Framework;ellipse;#D41159;white;4;fMRI_viz;Dataanalysis;yes;https://doi.org/10.1016/j.neuroimage.2022.118986;https://doi.org/10.1016/j.neuroimage.2022.118986;For Neuroimaging beginners: Ever found yourself lost in the world of atlases and needed someone to create a summary to find an atlas best suited for your study? Here it is.;FALSE;;
Web plot digitizer;Web plot digitizer;ellipse;#D41159;white;3;DataVisualization;Dataanalysis;yes;https://automeris.io/WebPlotDigitizer/;https://automeris.io/WebPlotDigitizer/;Helps you to reverse engineer data from visualizations by extracting the underlying numerical values.;FALSE;;
MolView;MolView;ellipse;#D41159;white;3;DataVisualization;Dataanalysis;yes;https://molview.org/;https://molview.org/;You can use MolView to search through different scientific databases including compound databases, protein databases and spectral databases, and view records from these databases as interactive visualizations.;FALSE;;
Scholar Goggler;Scholar Goggler;ellipse;#D41159;white;3;DataVisualization;Dataanalysis;yes;https://scholargoggler.com/;https://scholargoggler.com/;Generate your own word clouds using data from Google Scholar, PubMed, or Semantic Scholar. ;FALSE;;
Photos;Photos;diamond;#40B0A6;white;3;DataVisualization;Dataanalysis;no;NA;;NA;;;
Photos;Photos;diamond;#40B0A6;white;3;Photos;Dataanalysis;no;NA;;NA;;;
Pixabay;Pixabay;ellipse;#D41159;white;4;Photos;Dataanalysis;yes;https://pixabay.com/de/;https://pixabay.com/de/;Tons of license-free images.;FALSE;;
Colors;Colors;diamond;#40B0A6;white;3;DataVisualization;Dataanalysis;no;NA;;NA;;;
Colors;Colors;diamond;#40B0A6;white;3;Colors;Dataanalysis;no;NA;;NA;;;
Color converter;Color converter;ellipse;#D41159;white;4;Colors;Dataanalysis;yes;https://www.farb-tabelle.de/en/rgb2hex.htm?q=gray20;https://www.farb-tabelle.de/en/rgb2hex.htm?q=gray20;If you need to find out the code for a certain color, check this handy converter.;FALSE;;
Cols4all;Cols4all;ellipse;#D41159;white;4;Colors;Dataanalysis;yes;https://github.com/mtennekes/cols4all;https://github.com/mtennekes/cols4all;"An R package ""for selecting color palettes. 'Color for all' refers to [the authors'] mission that colors should be usable for not just people with normal color vision, but also for people with color vision deficiency"".";FALSE;;
Color oracle;Color oracle;ellipse;#D41159;white;4;Colors;Dataanalysis;yes;https://colororacle.org/index.html;https://colororacle.org/index.html;A piece of software that helps you tell whether your plot or slide is accessible to folk with different colour vision impairments.;FALSE;;
Color picker;Color picker;ellipse;#D41159;white;4;Colors;Dataanalysis;yes;https://imagecolorpicker.com/;https://imagecolorpicker.com/;Upload an image and pick the hex code of any color in the image.;FALSE;;
Adobe color wheel;Adobe color wheel;ellipse;#D41160;white;4;Colors;Dataanalysis;yes;https://color.adobe.com/de/create/color-wheel;https://color.adobe.com/de/create/color-wheel;Generate fitting color palettes based on images.;FALSE;;
Color blindness simulator;Color blindness simulator;ellipse;#D41161;white;4;Colors;Dataanalysis;yes;https://www.colour-blindness.com/;https://www.colour-blindness.com/;If you are looking for more information to learn about color blindness and all its details, would like to better understand the vision by simulating it or want to test themselves with some form of color blindness test. ;FALSE;;
Laws of user experience;Laws of user experience;ellipse;#D41159;white;3;DataVisualization;Dataanalysis;yes;https://lawsofux.com/;https://lawsofux.com/;Laws of UX is a collection of best practices that designers can consider when building user interfaces or visualizations.;FALSE;;
Figure Creator;Figure Creator;diamond;#40B0A6;white;3;DataVisualization;Dataanalysis;no;NA;;NA;;;
Figure Creator;Figure Creator;diamond;#40B0A6;white;3;FigureCreator;Dataanalysis;no;NA;;NA;;;
RAWgraphs;RAWgraphs;ellipse;#D41159;white;4;FigureCreator;Dataanalysis;yes;https://github.com/rawgraphs;https://github.com/rawgraphs;RAWGraphs is an open source data visualization framework built with the goal of making the visual representation of complex data easy for everyone.;FALSE;;
BioRender;BioRender;ellipse;#D41159;white;4;FigureCreator;Dataanalysis;yes;https://www.biorender.com/;https://www.biorender.com/;The all-in-one tool for research visualization in a free and paid verson. Visualize study designs and results, or even design whole posters using their tools and icons.;FALSE;;
Canva;Canva;ellipse;#D41159;white;4;FigureCreator;Dataanalysis;yes;https://www.canva.com/de_de/;https://www.canva.com/de_de/;Canva is amazing for creating content such as slides, figures and there are so many great (and free!) designs to choose from.;FALSE;;
Choose your plot;Choose your plot;ellipse;#D41159;white;4;FigureCreator;Dataanalysis;yes;https://www.linkedin.com/posts/opensourcecommunity_data-datastorytelling-datascience-activity-6879744977417592832-9y4J/;https://www.linkedin.com/posts/opensourcecommunity_data-datastorytelling-datascience-activity-6879744977417592832-9y4J/;No idea how to best plot your data? Have a look at this image.;FALSE;;
Autodraw;Autodraw;ellipse;#D41159;white;4;FigureCreator;Dataanalysis;yes;https://www.autodraw.com/;https://www.autodraw.com/;AutoDraw magically makes your doodles into nicer graphics by suggesting shapes based on what you drew.;FALSE;;
Brain code selector;Brain code selector;ellipse;#D41159;white;4;FigureCreator;Dataanalysis;yes;https://sidchop.shinyapps.io/braincode_selector/;https://sidchop.shinyapps.io/braincode_selector/;This tool summarized tools to visualize brain data in R, Python, and Matlab.;FALSE;;
Make your own scatterplot;Make your own scatterplot;ellipse;#D41159;white;4;FigureCreator;Dataanalysis;yes;https://drawdata.xyz/;https://drawdata.xyz/;This handy tool allows you to draw in scatterplot points and download a CSV file with the coordinates.;FALSE;;
Mermaid;Mermaid;ellipse;#D41159;white;4;FigureCreator;Dataanalysis;yes;https://mermaid.js.org/;https://mermaid.js.org/;Mermaid lets you create diagrams and visualizations using text and code.;FALSE;;
Icons;Icons;diamond;#40B0A6;white;3;DataVisualization;Dataanalysis;no;NA;;NA;;;
Icons;Icons;diamond;#40B0A6;white;3;Icons;Dataanalysis;no;NA;;NA;;;
BioIcons;BioIcons;ellipse;#D41159;white;4;Icons;Dataanalysis;yes;https://bioicons.com/;https://bioicons.com/;A free alternative to BioRender.;FALSE;;
Flaticon;Flaticon;ellipse;#D41159;white;4;Icons;Dataanalysis;yes;https://www.flaticon.com/;https://www.flaticon.com/;Flaticon has a huge amount of free stickers and icons, ready to download and use.;FALSE;;
Font Awesome;Font Awesome;ellipse;#D41159;white;4;Icons;Dataanalysis;yes;https://fontawesome.com/v5.15/icons?d=gallery&p=2&m=free;https://fontawesome.com/v5.15/icons?d=gallery&p=2&m=free;Font Awesome has loads of free icons to choose from to use in presentations, posters, etc.;FALSE;;
Phylopic;Phylopic;ellipse;#D41159;white;4;Icons;Dataanalysis;yes;https://www.phylopic.org/;https://www.phylopic.org/;An open database of freely usable silhouettes of life forms.;FALSE;;
Smart Servier Medical Art;Smart Servier Medical Art;ellipse;#D41159;white;4;Icons;Dataanalysis;yes;https://smart.servier.com/;https://smart.servier.com/;Servier Medical Art is your global source for over 3000 free, up-to-date medical images designed to meet your needs.;FALSE;;
Health icons;Health icons;ellipse;#D41160;white;4;Icons;Dataanalysis;yes;https://healthicons.org/;https://healthicons.org/;Free, open source health icons.;FALSE;;
Chemix;Chemix;ellipse;#D41161;white;4;Icons;Dataanalysis;yes;https://chemix.org/;https://chemix.org/;Chemix is an online editor for drawing science lab diagrams and school experiments in Chemistry, Biology and Physics. The app provides easy sketching for both students and teachers.;FALSE;;
GitHub;GitHub;diamond;#40B0A6;white;2;Dataanalysis;Dataanalysis;no;NA;;NA;;;
GitHub;GitHub;diamond;#40B0A6;white;2;GitHub;Dataanalysis;no;NA;;NA;;;
GitHub cheatsheet;GitHub cheatsheet;ellipse;#D41159;white;3;GitHub;Dataanalysis;yes;https://twitter.com/NikkiSiapno/status/1593882400983072769?t=iOvK_Nm0pe4DrpNL9C0njw&s=19;https://twitter.com/NikkiSiapno/status/1593882400983072769?t=iOvK_Nm0pe4DrpNL9C0njw&s=19;Confused by commit, stage, stash, fetch, etc. on GitHub? Here's the sheet for you.;FALSE;;
fNIRS;fNIRS;diamond;#40B0A6;white;2;Dataanalysis;Dataanalysis;no;NA;;NA;;;
fNIRS;fNIRS;diamond;#40B0A6;white;2;fNIRS;Dataanalysis;no;NA;;NA;;;
fNIRS cheatsheet;fNIRS cheatsheet;ellipse;#D41159;white;3;fNIRS;Dataanalysis;yes;https://twitter.com/katharina_stute/status/1579119875082985472?t=ljO6m2u8XxfazCZLVhBbsg&s=19;https://twitter.com/katharina_stute/status/1579119875082985472?t=ljO6m2u8XxfazCZLVhBbsg&s=19;A hitchhiker's guide to fNIRS data analysis for beginners.;FALSE;;
Reproducibility;Reproducibility;diamond;#40B0A6;white;2;Dataanalysis;Dataanalysis;no;NA;;NA;;;
Reproducibility;Reproducibility;diamond;#40B0A6;white;2;Reproducibility;Dataanalysis;no;NA;;NA;;;
renv (R);renv (R);ellipse;#D41159;white;3;Reproducibility;Dataanalysis;yes;https://rstudio.github.io/renv/articles/renv.html;https://rstudio.github.io/renv/articles/renv.html;Renvironments, a term coined by the package's name, refer to R project-specific environments that isolate the package versions and dependencies used in that project enabeling reproducible environments.;FALSE;;
Docker;Docker;ellipse;#D41159;white;3;Reproducibility;Dataanalysis;yes;https://www.docker.com/;https://www.docker.com/;Docker is a platform and tool designed to create, deploy, and manage applications using containerization. Containerization is a technology that allows you to package an application and its dependencies, including libraries, runtime, and system tools, into a single standardized unit called a 'container'. Containers provide an isolated and consistent environment for running applications, regardless of the underlying operating system or infrastructure.;FALSE;;
Datapasta (R);Datapasta (R);ellipse;#D41159;white;3;Reproducibility;Dataanalysis;yes;https://github.com/MilesMcBain/datapasta;https://github.com/MilesMcBain/datapasta;This R package is 'about reducing resistance associated with copying and pasting data to and from R'. Copy data from Excel and paste it into R as a dataframe or tibble.;FALSE;;
Neuroimaging resources;Neuroimaging resources;ellipse;#D41160;white;4;Reproducibility;Dataanalysis;yes;https://doi.org/10.1016/j.neuroimage.2022.119623;https://doi.org/10.1016/j.neuroimage.2022.119623;List of ca. 300 resources supporting openness and reproducibility in neuroimaging.;FALSE;;
Analysis Framework;Analysis Framework;diamond;#40B0A6;white;2;Dataanalysis;Dataanalysis;no;NA;;NA;;;
Analysis Framework;Analysis Framework;diamond;#40B0A6;white;2;AnalysisFramework;Dataanalysis;no;NA;;NA;;;
PSPP;PSPP;ellipse;#D41159;white;3;AnalysisFramework;Dataanalysis;yes;https://www.gnu.org/software/pspp/;https://www.gnu.org/software/pspp/;GNU PSPP is a free and open-source software application used for statistical analysis of data. It is designed to provide similar functionality to proprietary software like IBM SPSS (Statistical Package for the Social Sciences). PSPP is part of the GNU Project, which aims to develop a complete, free, and open-source operating system.;FALSE;;
SPSS;SPSS;ellipse;#D41159;white;3;AnalysisFramework;Dataanalysis;yes;https://www.ibm.com/products/spss-statistics;https://www.ibm.com/products/spss-statistics;IBM SPSS (Statistical Package for the Social Sciences) is a proprietary software application used for statistical analysis, data manipulation, and data visualization. It is widely utilized in social science research, business analytics, and academic settings for its comprehensive set of statistical tools and user-friendly interface.;FALSE;;
R;R;diamond;#40B0A6;white;3;AnalysisFramework;Dataanalysis;no;NA;;NA;;;
R;R;diamond;#40B0A6;white;3;R;Dataanalysis;no;NA;;NA;;;
FSBrain;FSBrain;ellipse;#D41159;white;4;R;Dataanalysis;yes;https://cran.r-project.org/web/packages/fsbrain/vignettes/fsbrain.html;https://cran.r-project.org/web/packages/fsbrain/vignettes/fsbrain.html;"This R package ""helps visualize surface-based brain structure data for large groups of subjects with very little code"" and ""also supports the computation of simple brain morphometry measures"".";FALSE;;
GGhelp;GGhelp;ellipse;#D41159;white;4;R;Dataanalysis;yes;https://rdrr.io/github/brandmaier/ggx/man/gghelp.html;https://rdrr.io/github/brandmaier/ggx/man/gghelp.html;"An R package that ""converts a natural language query into a 'ggplot2' command string"".";FALSE;;
GGplot tricks;GGplot tricks;ellipse;#D41159;white;4;R;Dataanalysis;yes;https://twitter.com/data_question/status/1496130684729303045?s=20;https://twitter.com/data_question/status/1496130684729303045?s=20;Some tricks from the R people to level up your ggplot game.;FALSE;;
R visualization;R visualization;ellipse;#D41159;white;4;R;Dataanalysis;yes;https://wilkelab.org/SDS375/syllabus.html;https://wilkelab.org/SDS375/syllabus.html;This is a great syllabus about visualizing data in R, held by Claus Wilke.;FALSE;;
R graph gallery;R graph gallery;ellipse;#D41159;white;4;R;Dataanalysis;yes;https://r-graph-gallery.com/;https://r-graph-gallery.com/;A collection of charts made with the R programming language.;FALSE;;
RStudio;RStudio;diamond;#40B0A6;white;4;R;Dataanalysis;no;NA;;NA;;;
RStudio;RStudio;diamond;#40B0A6;white;4;RStudio;Dataanalysis;no;NA;;NA;;;
Cheatsheets 1;Cheatsheets 1;ellipse;#D41159;white;5;RStudio;Dataanalysis;yes;https://posit.co/resources/cheatsheets/;https://posit.co/resources/cheatsheets/;There are loads of cheat sheets to help you find your way around in R.;FALSE;;
Cheatsheets 2;Cheatsheets 2;ellipse;#D41159;white;5;RStudio;Dataanalysis;yes;https://www.rstudio.com/resources/cheatsheets/;https://www.rstudio.com/resources/cheatsheets/;Another load of cheat sheets to help you find your way around in R.;FALSE;;
JASP;JASP;ellipse;#D41159;white;3;AnalysisFramework;Dataanalysis;yes;https://jasp-stats.org/;https://jasp-stats.org/;JASP offers standard analysis procedures in both their classical and Bayesian form.;FALSE;;
Python;Python;diamond;#40B0A6;white;3;AnalysisFramework;Dataanalysis;no;NA;;NA;;;
Python;Python;diamond;#40B0A6;white;3;Python;Dataanalysis;no;NA;;NA;;;
Jupyter Notebook;Jupyter Notebook;ellipse;#D41159;white;4;Python;Dataanalysis;yes;https://jupyter.org/;https://jupyter.org/;Jupyter Notebook is an open-source web application that allows users to create and share documents containing live code, equations, visualizations, and narrative text. It's commonly used for interactive data analysis, data visualization, machine learning experimentation, and collaborative research across various programming languages.;FALSE;;
Jupyter Notebook;Jupyter Notebook;ellipse;#D41159;white;4;JupyterNotebook;Dataanalysis;yes;https://jupyter.org/;https://jupyter.org/;Jupyter Notebook is an open-source web application that allows users to create and share documents containing live code, equations, visualizations, and narrative text. It's commonly used for interactive data analysis, data visualization, machine learning experimentation, and collaborative research across various programming languages.;FALSE;;
Cheatsheets;Cheatsheets;ellipse;#D41159;white;5;JupyterNotebook;Dataanalysis;yes;https://www.edureka.co/blog/wp-content/uploads/2018/10/Jupyter_Notebook_CheatSheet_Edureka.pdf;https://www.edureka.co/blog/wp-content/uploads/2018/10/Jupyter_Notebook_CheatSheet_Edureka.pdf;A cheatsheet in Python is a concise reference guide that provides a quick overview of essential syntax, functions, methods, and concepts, aiding developers in writing code more efficiently.;FALSE;;
Google Colab;Google Colab;ellipse;#D41159;white;4;Python;Dataanalysis;yes;https://colab.research.google.com/;https://colab.research.google.com/;Google Colab (short for Colaboratory) is a free cloud-based platform that provides an interactive environment for writing and executing Python code, particularly well-suited for machine learning, data analysis, and research, with the added advantage of GPU acceleration.;FALSE;;
Matlab;Matlab;ellipse;#D41159;white;3;AnalysisFramework;Dataanalysis;yes;https://de.mathworks.com/products/matlab.html;https://de.mathworks.com/products/matlab.html;MATLAB is a programming and numeric computing platform.;FALSE;;
Meta-analysis;Meta-analysis;diamond;#40B0A6;white;2;Dataanalysis;Dataanalysis;no;NA;;NA;;;
Meta-analysis;Meta-analysis;diamond;#40B0A6;white;2;Meta-analysis;Dataanalysis;no;NA;;NA;;;
Syllabus;Syllabus;ellipse;#D41159;white;3;Meta-analysis;Dataanalysis;yes;http://mgto.org/metaanalysissyllabus ;http://mgto.org/metaanalysissyllabus ;Resources for learning (and teaching) on how to conduct Meta-Analyses and Systematic Reviews;FALSE;;
Metafor (R);Metafor (R);ellipse;#D41159;white;3;Meta-analysis;Dataanalysis;yes;https://metafor-project.org/doku.php;https://metafor-project.org/doku.php;Use the metafor package in R for your meta-analyses.;FALSE;;
Coda;Coda;ellipse;#D41159;white;3;Meta-analysis;Dataanalysis;yes;https://cooperationdatabank.org/;https://cooperationdatabank.org/;Use Coda, a machine-readable history of cooperation research, to search, select and visualize studies for on-demand meta-analysis.;FALSE;;
Metalab;Metalab;ellipse;#D41159;white;3;Meta-analysis;Dataanalysis;yes;https://langcog.github.io/metalab/;https://langcog.github.io/metalab/;This website features interactive, community-augmented meta-analysis tools for cognitive development research.;FALSE;;
Templates;Templates;ellipse;#D41159;white;3;Meta-analysis;Dataanalysis;yes;https://psycnet.apa.org/record/2020-66880-001;https://psycnet.apa.org/record/2020-66880-001;"A primer and tutorial paper on ""Conducting a meta-analysis in the age of open science: Tools, tips, and practical recommendations"", including nine templates free for use, from preregistration to code to data.";FALSE;;
Neuroquery;Neuroquery;ellipse;#D41159;white;3;Meta-analysis;Dataanalysis;yes;https://neuroquery.org/;https://neuroquery.org/;NeuroQuery is a tool for meta-analysis of neuroimaging studies, relating text queries to activations as well as associations between terms used together in neuroimaging publications. More info in the corresponding paper.;FALSE;;
Writing;Writing;rectangle;#005AB5;white;1;initial;initial;no;NA;;NA;;What is the scope of the paper? || What is the target audience and journal? || How to write a convincing abstract? || How to properly credit authors? || How to find and cite sources correctly? || How to structure a manuscript? || Which frameworks allow to conveniently write a reproducible manuscript?;https://igor-biodgps.github.io/ARIADNE/contentpages/step8.html#step-8-writing-the-manuscript
Writing;Writing;rectangle;#005AB5;white;1;Writing;Writing;no;NA;;NA;;;
Crediting;Crediting;diamond;#40B0A6;white;2;Writing;Writing;no;NA;;NA;;;
Crediting;Crediting;diamond;#40B0A6;white;2;Crediting;Writing;no;NA;;NA;;;
Tenzing;Tenzing;ellipse;#D41159;white;3;Crediting;Writing;yes;https://marton-balazs-kovacs.github.io/tenzing/articles/app_use.html;https://marton-balazs-kovacs.github.io/tenzing/articles/app_use.html;Use the Tenzing ShinyApp for quickly and easily documenting contributorship.;FALSE;;
CRediT;CRediT;ellipse;#D41159;white;3;Crediting;Writing;yes;https://www.elsevier.com/researcher/author/policies-and-guidelines/credit-author-statement;https://www.elsevier.com/researcher/author/policies-and-guidelines/credit-author-statement;Use the CRedit Author Statement by Brandt et al. (2015, Learned Publishing) to report each authors proper contribution to a manuscript.;FALSE;;
Scite;Scite;ellipse;#D41159;white;3;Crediting;Writing;yes;https://scite.ai/;https://scite.ai/;A platform for evaluating scientific articles via smart citations, which allows users to assess how a publication has ben cited.;FALSE;;
Grateful;Grateful;ellipse;#D41159;white;3;Crediting;Writing;yes;https://github.com/Pakillo/grateful;https://github.com/Pakillo/grateful;Use the grateful package in R to automatically create a reference list for all your used R packages.;FALSE;;
Writing effectively;Writing effectively;ellipse;#D41159;white;2;Writing;Writing;yes;https://youtu.be/vtIzMaLkCaM;https://youtu.be/vtIzMaLkCaM;If you want to know how to write effectively, watch this video.;FALSE;;
Acronymify;Acronymify;ellipse;#D41159;white;2;Writing;Writing;yes;https://acronymify.com/;https://acronymify.com/;If you need a cool and catchy acronym for your paper, project, etc. check out Acronymify.;FALSE;;
List of acronyms;List of acronyms;ellipse;#D41159;white;2;Writing;Writing;yes;https://listofacronyms.com/;https://listofacronyms.com/;Don't waste time collating a list or table of abbreviations manually. This tool does it for you.;FALSE;;
Quillbot;Quillbot;ellipse;#D41159;white;2;Writing;Writing;yes;https://quillbot.com/;https://quillbot.com/;Paraphrase like the awesome boss you are using QuillBot.;FALSE;;
Statcheck;Statcheck;ellipse;#D41159;white;2;Writing;Writing;yes;https://michelenuijten.shinyapps.io/statcheck-web/;https://michelenuijten.shinyapps.io/statcheck-web/;To check a PDF, DOCX or HTML file for errors in statistical reporting, upload it to Statcheck. Some journals even officially request this now (e.g., Psychological Science).;FALSE;;
Grammarly;Grammarly;ellipse;#D41159;white;2;Writing;Writing;yes;https://www.grammarly.com/;https://www.grammarly.com/;Work with an AI writing partner that helps you find the words you need to write that tricky email, to get your point across, to keep your work moving.;FALSE;;
PaperPal;PaperPal;ellipse;#D41159;white;2;Writing;Writing;yes;https://paperpal.com/;https://paperpal.com/;Boost your chances of success with real-time, subject-specific language suggestions that help you write better, faster!;FALSE;;
Writing Framework;Writing Framework;diamond;#40B0A6;white;2;Writing;Writing;no;NA;;NA;;;
Writing Framework;Writing Framework;diamond;#40B0A6;white;2;WritingFramework;Writing;no;NA;;NA;;;
Word;Word;diamond;#40B0A6;white;3;WritingFramework;Writing;no;NA;;NA;;;
Word;Word;diamond;#40B0A6;white;3;Word;Writing;no;NA;;NA;;;
Preprint templates;Preprint templates;ellipse;#D41159;white;4;Word;Writing;yes;https://osf.io/hsv6a/;https://osf.io/hsv6a/;Amazing and useful Word templates for typesetting preprints. Because your preprint should be a #prettypreprint and we don't have time for endless formatting.;FALSE;;
APA-style Word template;APA-style Word template;ellipse;#D41159;white;4;Word;Writing;yes;https://libguides.uww.edu/apa/format;https://libguides.uww.edu/apa/format;A Word template in APA7 style for student papers. Word and Google Docs versions exist;FALSE;;
Papaja;Papaja;ellipse;#D41159;white;3;WritingFramework;Writing;yes;https://github.com/crsh/papaja;https://github.com/crsh/papaja;If you want to create reproducible manuscripts including tables directly from your data in R, use the papaja package.;FALSE;;
Overleaf;Overleaf;ellipse;#D41159;white;3;WritingFramework;Writing;yes;https://www.overleaf.com/;https://www.overleaf.com/;Overleaf is an online collaborative platform used for creating, editing, and sharing scientific documents, particularly LaTeX-based documents, making it popular among researchers and academics for collaborative writing and publishing.;FALSE;;
Citations;Citations;diamond;#40B0A6;white;2;Writing;Writing;no;NA;;NA;;;
Citations;Citations;diamond;#40B0A6;white;2;Citations;Writing;no;NA;;NA;;;
Citation Managers;Citation Managers;diamond;#40B0A6;white;3;Citations;Writing;no;NA;;NA;;;
Citation Managers;Citation Managers;diamond;#40B0A6;white;3;CitationManagers;Writing;no;NA;;NA;;;
Zotero;Zotero;ellipse;#D41159;white;4;CitationManagers;Writing;yes;https://www.zotero.org/;https://www.zotero.org/;Zotero is a free and open-source reference management software that helps users collect, organize, cite, and share research sources and bibliographic information. You can also connect it with Rmarkdown for reproducible workflows.;FALSE;;
Mendeley;Mendeley;ellipse;#D41159;white;4;CitationManagers;Writing;yes;https://www.mendeley.com/;https://www.mendeley.com/;Mendeley is a reference management tool and academic social network that assists researchers in organizing, sharing, and citing research papers and other scholarly materials.;FALSE;;
Citavi;Citavi;ellipse;#D41159;white;4;CitationManagers;Writing;yes;https://www.citavi.com/en;https://www.citavi.com/en;Citavi is a reference management and knowledge organization software designed to help researchers, students, and academics manage sources, citations, and research tasks efficiently. Check if your institution got a licence for the software.;FALSE;;
Endnote;Endnote;ellipse;#D41159;white;4;CitationManagers;Writing;yes;https://endnote.com/de/;https://endnote.com/de/;EndNote is a commercial reference management software that enables researchers, writers, and academics to organize, store, and cite references and bibliographic information in their documents. Check if your institution got a licence for the software.;FALSE;;
Reference management comparison;Reference management comparison;ellipse;#D41159;white;4;CitationManagers;Writing;yes;https://en.wikipedia.org/wiki/Comparison_of_reference_management_software;https://en.wikipedia.org/wiki/Comparison_of_reference_management_software;Reference management comparison is a table which evaluates and contrasts various reference management software tools. Additionally, it determines their features, functionalities, and suitability for specific research and academic needs.;FALSE;;
BibTeX;BibTeX;ellipse;#D41159;white;4;CitationManagers;Writing;yes;https://www.bibtex.org/;https://www.bibtex.org/;Bibliography & reference generator that works quite well with Rmd/Papaja.;FALSE;;
Citation Diversity Statement;Citation Diversity Statement;ellipse;#D41159;white;3;Citations;Writing;yes;https://github.com/dalejn/cleanBib;https://github.com/dalejn/cleanBib;To increase awareness about citation bias and mitigate it, by checking for and transparently reporting proportions of citing male and female first and last authors, use the citation diversity statement by Zurn et al. (2020, TICS).;FALSE;;
Recite;Recite;ellipse;#D41159;white;3;Citations;Writing;yes;https://reciteworks.com/;https://reciteworks.com/;To check your in-text citations and reference lists for errors, use Reciteworks.;FALSE;;
Citation Gecko;Citation Gecko;ellipse;#D41159;white;3;Citations;Writing;yes;https://citationgecko.azurewebsites.net/;https://citationgecko.azurewebsites.net/;Gecko is here to help you find the most relevant papers to your research and give you a more complete sense of the research landscape.;FALSE;;
Publication;Publication;rectangle;#005AB5;white;1;initial;initial;no;NA;;NA;;Where to upload data, code, materials, and/or a preprint?  || Is the published data FAIR (Findable, Accessible, Interoperable, and Reusable)?  || How to write a cover letter? || How to write a rebuttal to reviewer comments?;https://igor-biodgps.github.io/ARIADNE/contentpages/step9.html#step-9-publication
Publication;Publication;rectangle;#005AB5;white;1;Publication;Publication;no;NA;;NA;;;
Journal choice;Journal choice;diamond;#40B0A6;white;2;Publication;Publication;no;NA;;NA;;;
Journal choice;Journal choice;diamond;#40B0A6;white;2;Journalchoice;Publication;no;NA;;NA;;;
JANE;JANE;ellipse;#D41159;white;3;Journalchoice;Publication;yes;https://jane.biosemantics.org/;https://jane.biosemantics.org/;If you dont know who to suggest as a reviewer or what journal to submit your paper to, check out JANE.;FALSE;;
Journal Rater;Journal Rater;ellipse;#D41159;white;3;Journalchoice;Publication;yes;https://phdvoice.org/journalrater/;https://phdvoice.org/journalrater/;If you want to know about the review process and manuscript handling, check out the Journal Rater by PhD Voice. Because lifes too short to put up with Reviewer 2s.;FALSE;;
Journal suggester;Journal suggester;ellipse;#D41159;white;3;Journalchoice;Publication;yes;https://authorservices.taylorandfrancis.com/publishing-your-research/choosing-a-journal/journal-suggester/;https://authorservices.taylorandfrancis.com/publishing-your-research/choosing-a-journal/journal-suggester/;Just paste your abstract and get some suggestions for journals you can submit to.;FALSE;;
Journal abbreviations;Journal abbreviations;ellipse;#D41159;white;3;Journalchoice;Publication;yes;https://images.webofknowledge.com/images/help/WOS/P_abrvjt.html;https://images.webofknowledge.com/images/help/WOS/P_abrvjt.html;This list shows the abbreviations used for journal titles as cited works.;FALSE;;
SciRev;SciRev;ellipse;#D41159;white;3;Journalchoice;Publication;yes;https://scirev.org/;https://scirev.org/;If you want to know how long the review process for a specific journal is, or people's experience with publishing there, check SciRev.;FALSE;;
Preprint;Preprint;diamond;#40B0A6;white;2;Publication;Publication;no;NA;;NA;;;
Preprint;Preprint;diamond;#40B0A6;white;2;Preprint;Publication;no;NA;;NA;;;
Sherpa Romeo;Sherpa Romeo;ellipse;#D41159;white;3;Preprint;Publication;yes;https://v2.sherpa.ac.uk/romeo/;https://v2.sherpa.ac.uk/romeo/;If you are not sure whether you are allowed to upload a preprint prior to journal submission.;FALSE;;
Preprint server;Preprint server;diamond;#40B0A6;white;3;Preprint;Publication;no;NA;;NA;;;
Preprint server;Preprint server;diamond;#40B0A6;white;3;Preprintserver;Publication;no;NA;;NA;;;
MetArXiv;MetArXiv;ellipse;#D41159;white;4;Preprintserver;Publication;yes;https://osf.io/preprints/metaarxiv/;https://osf.io/preprints/metaarxiv/;A preprint platform for publications related to meta research.;FALSE;;
PsyArXiv;PsyArXiv;ellipse;#D41159;white;4;Preprintserver;Publication;yes;https://psyarxiv.com/;https://www.biorxiv.org/;A preprint platform for publications related to Biology and Neuroscience.;FALSE;;
BioArXiv;BioArXiv;ellipse;#D41159;white;4;Preprintserver;Publication;yes;https://www.biorxiv.org/;https://psyarxiv.com/;A preprint platform for publications related to Psychology.;FALSE;;
PeerCommunityIn;PeerCommunityIn;ellipse;#D41159;white;4;Preprintserver;Publication;yes;https://peercommunityin.org/;https://peercommunityin.org/;"PCI is a non-profit organization of researchers offering peer review, recommendation and publication of scientific articles in open access for free.
";FALSE;;
PreReview;PreReview;ellipse;#D41159;white;4;Preprintserver;Publication;yes;https://prereview.org/;https://prereview.org/;Provide and receive constructive feedback on preprints from an international community of your peers.;FALSE;;
PsychArchives;PsychArchives;ellipse;#D41159;white;4;Preprintserver;Publication;yes;https://www.psycharchives.org/;https://www.psycharchives.org/;A disciplinary repository for psychological science and neighboring disciplines. Accommodating 20 different digital research object (DRO) types, including articles, preprints, research data, code, supplements, preregistrations, tests and multimedia objects, PsychArchives provides a digital space that integrates all research-related content relevant to psychology.;FALSE;;
TOP Guidelines;TOP Guidelines;ellipse;#D41159;white;2;Publication;Publication;yes;https://www.cos.io/initiatives/top-guidelines;https://www.cos.io/initiatives/top-guidelines;The TOP Guidelines include eight modular standards, each with three levels of increasing stringency of research published in academic journals.;FALSE;;
Octopus;Octopus;ellipse;#D41159;white;2;Publication;Publication;yes;https://www.octopus.ac/;https://www.octopus.ac/;Octopus is a free pulishing platform for scholarly research, including peer review and quality assessment.;FALSE;;
ORCID;ORCID;ellipse;#D41159;white;2;Publication;Publication;yes;https://orcid.org/;https://orcid.org/;"Get an ORCID - an ""Open Researcher and Contributor ID"" which is a persistent digital identifier that you own and control, and that distinguishes you from every other researcher. Link your projects and output to your ORCID.";FALSE;;
Dissemination;Dissemination;rectangle;#005AB5;white;1;initial;initial;no;NA;;NA;;How to design a poster for a conference? || How to prepare a scientific presentation? || How to present your research to a lay audience?;https://igor-biodgps.github.io/ARIADNE/contentpages/step10.html#step-10-dissemination
Dissemination;Dissemination;rectangle;#005AB5;white;1;Dissemination;Dissemination;no;NA;;NA;;;
Resource Sharing;Resource Sharing;diamond;#40B0A6;white;2;Dissemination;Dissemination;no;NA;;NA;;;
Resource Sharing;Resource Sharing;diamond;#40B0A6;white;2;ResourceSharing;Dissemination;no;NA;;NA;;;
Data_resource;Data;diamond;#40B0A6;white;3;ResourceSharing;Dissemination;no;NA;;NA;;;
Data_resource;Data;diamond;#40B0A6;white;3;Data_resource;Dissemination;no;NA;;NA;;;
Open Science Framework;Open Science Framework;ellipse;#D41159;white;4;Data_resource;Dissemination;yes;https://osf.io/;https://osf.io/;The Open Science Framework (OSF) is a web-based platform that facilitates collaboration and supports the entire research lifecycle by providing tools for project organization, data sharing, collaboration, and transparency. Consider the hosting server location and its data policity before sharing the data.;FALSE;;
DataCite;DataCite;ellipse;#D41159;white;4;Data_resource;Dissemination;yes;https://datacite.org/;https://datacite.org/;"Ensure that research outputs andDataCite ensures that resources are openly available and connected.
";FALSE;;
FigShare;FigShare;ellipse;#D41159;white;4;Data_resource;Dissemination;yes;https://figshare.com/;https://figshare.com/;The all in one repository - a home for papers, FAIR data and non-traditional research outputs that is easy to use and ready now.;FALSE;;
Zenodo;Zenodo;ellipse;#D41159;white;4;Data_resource;Dissemination;yes;https://zenodo.org/;https://zenodo.org/;Zenodo is an open-access repository that allows researchers to store, share, and publish their research outputs, including datasets, code, preprints, and other scholarly materials, ensuring long-term preservation and accessibility. Consider the hosting server location and its data policity before sharing the data.;FALSE;;
NeuroVault;NeuroVault;ellipse;#D41159;white;4;Data_resource;Dissemination;yes;https://neurovault.org/;https://neurovault.org/;NeuroVault is an online platform that enables researchers in the field of neuroscience to share, analyze, and collaboratively work with neuroimaging data and statistical maps.;FALSE;;
Code_resource;Code;diamond;#40B0A6;white;3;ResourceSharing;Dissemination;no;NA;;NA;;;
Code_resource;Code;diamond;#40B0A6;white;3;Code_resource;Dissemination;no;NA;;NA;;;
Open Science Framework;Open Science Framework;ellipse;#D41159;white;4;Code_resource;Dissemination;yes;https://osf.io/;https://osf.io/;The Open Science Framework (OSF) is a web-based platform that facilitates collaboration and supports the entire research lifecycle by providing tools for project organization, data sharing, collaboration, and transparency. Consider the hosting server location and its data policity before sharing the data.;FALSE;;
Zenodo;Zenodo;ellipse;#D41159;white;4;Code_resource;Dissemination;yes;https://zenodo.org/;https://zenodo.org/;Zenodo is an open-access repository that allows researchers to store, share, and publish their research outputs, including datasets, code, preprints, and other scholarly materials, ensuring long-term preservation and accessibility. Consider the hosting server location and its data policity before sharing the data.;FALSE;;
GitHub;GitHub;ellipse;#D41159;white;4;Code_resource;Dissemination;yes;https://github.com/;https://github.com/;GitHub is a web-based platform for version control and collaborative software development, allowing developers to host, review, and manage code repositories.;FALSE;;
Materials;Materials;diamond;#40B0A6;white;3;ResourceSharing;Dissemination;no;NA;;NA;;;
Materials;Materials;diamond;#40B0A6;white;3;Materials;Dissemination;no;NA;;NA;;;
Open Science Framework;Open Science Framework;ellipse;#D41159;white;4;Materials;Dissemination;yes;https://osf.io/;https://osf.io/;The Open Science Framework (OSF) is a web-based platform that facilitates collaboration and supports the entire research lifecycle by providing tools for project organization, data sharing, collaboration, and transparency. Consider the hosting server location and its data policity before sharing the data.;FALSE;;
Protocols;Protocols;ellipse;#D41159;white;4;Materials;Dissemination;yes;https://www.protocols.io/;https://www.protocols.io/;A secure platform for developing and sharing reproducible methods.;FALSE;;
Zenodo;Zenodo;ellipse;#D41159;white;4;Materials;Dissemination;yes;https://zenodo.org/;https://zenodo.org/;Zenodo is an open-access repository that allows researchers to store, share, and publish their research outputs, including datasets, code, preprints, and other scholarly materials, ensuring long-term preservation and accessibility. Consider the hosting server location and its data policity before sharing the data.;FALSE;;
GitHub_mat;GitHub;ellipse;#D41159;white;4;Materials;Dissemination;yes;https://github.com/;https://github.com/;GitHub is a web-based platform for version control and collaborative software development, allowing developers to host, review, and manage code repositories.;FALSE;;
Pint of Science;Pint of Science;ellipse;#D41159;white;2;Dissemination;Dissemination;yes;https://pintofscience.com/;https://pintofscience.com/;Pint of Science is non-profit and organised by a grass-root community of thousands of scientists across the world, organizing events for the public to hear about and question the latest discoveries being made.;TRUE;;
Psychology conference timelines;Psychology conference timelines;ellipse;#D41159;white;2;Dissemination;Dissemination;yes;https://docs.google.com/spreadsheets/d/1_7pokWiDjYBIr7eyYkJ5CvYvqZPZcMf3gChNC14vJZI/edit#gid=0;https://docs.google.com/spreadsheets/d/1_7pokWiDjYBIr7eyYkJ5CvYvqZPZcMf3gChNC14vJZI/edit#gid=0;A spreadsheet of many psychological conferences and their timelines.;FALSE;;
Poster;Poster;diamond;#40B0A6;white;2;Dissemination;Dissemination;no;NA;;NA;;;
Poster;Poster;diamond;#40B0A6;white;2;Poster;Dissemination;no;NA;;NA;;;
Designing conference posters;Designing conference posters;ellipse;#D41159;white;3;Poster;Dissemination;yes;https://colinpurrington.com/tips/poster-design/;https://colinpurrington.com/tips/poster-design/;Tips on how to design the perfect poster for a conference.;FALSE;;
Canva;Canva;ellipse;#D41159;white;3;Poster;Dissemination;yes;https://www.canva.com/de_de/;https://www.canva.com/de_de/;Canva is a web-based graphic design platform that provides users with a wide range of tools and templates to create visually appealing designs for various purposes, from social media graphics to presentations.;FALSE;;
Illustrator;Illustrator;ellipse;#D41159;white;3;Poster;Dissemination;yes;https://www.adobe.com/products/illustrator.html;https://www.adobe.com/products/illustrator.html;Illustrator refers to Adobe Illustrator, a vector graphics editor used to create and manipulate digital artwork, illustrations, logos, and other visual content with precision and scalability. Check if your institution got a licence for the software.;FALSE;;
PowerPoint;PowerPoint;ellipse;#D41159;white;3;Poster;Dissemination;yes;https://www.microsoft.com/en/microsoft-365/powerpoint;https://www.microsoft.com/en/microsoft-365/powerpoint;Microsoft PowerPoint is a popular presentation software used to create slideshows and presentations that incorporate text, images, animations, and multimedia elements to convey information and ideas effectively. Check if your institution got a licence for the software.;FALSE;;
Better posters;Better posters;ellipse;#D41159;white;3;Poster;Dissemination;yes;https://www.youtube.com/watch?v=1RwJbhkCA58;https://www.youtube.com/watch?v=1RwJbhkCA58;A video on how to create a better research poster in less time (#betterposter Generation 1);FALSE;;
Font size calculator;Font size calculator;ellipse;#D41160;white;4;Poster;Dissemination;yes;https://www.leserlich.info/werkzeuge/schriftgroessenrechner/;https://www.leserlich.info/werkzeuge/schriftgroessenrechner/;A German tool to calculate accessible font sizes.;FALSE;;
Talk;Talk;diamond;#40B0A6;white;2;Dissemination;Dissemination;no;NA;;NA;;;
Talk;Talk;diamond;#40B0A6;white;2;Talk;Dissemination;no;NA;;NA;;;
PowerPoint;PowerPoint;ellipse;#D41159;white;3;Talk;Dissemination;yes;https://www.microsoft.com/en/microsoft-365/powerpoint;https://www.microsoft.com/en/microsoft-365/powerpoint;Microsoft PowerPoint is a popular presentation software used to create slideshows and presentations that incorporate text, images, animations, and multimedia elements to convey information and ideas effectively. Check if your institution got a licence for the software.;FALSE;;
Slidesgo;Slidesgo;ellipse;#D41159;white;3;Talk;Dissemination;yes;https://slidesgo.com/;https://slidesgo.com/;Slidesgo is a platform that offers a collection of professionally designed, customizable presentation templates for various topics and purposes, making it easier for users to create visually appealing slideshows.;FALSE;;
Talk invitations;Talk invitations;ellipse;#D41159;white;3;Talk;Dissemination;yes;https://www.chjh.nl/what-to-do-with-that-invitation/;https://www.chjh.nl/what-to-do-with-that-invitation/;Have you been invited to speak somewhere? Here are some questions you might (and should) ask beforehand.;FALSE;;
Prezi;Prezi;ellipse;#D41159;white;3;Talk;Dissemination;yes;https://prezi.com/;https://prezi.com/;Prezi is a multimedia platform where users can create slide presentations, videos, or designs to share. Whether starting from a blank canvas or using one of the templates from the site's vast library, users have many options.;FALSE;;
Writing_diss;Writing;diamond;#40B0A6;white;2;Dissemination;Dissemination;no;NA;;NA;;;
Writing_diss;Writing;diamond;#40B0A6;white;2;Writing_diss;Dissemination;no;NA;;NA;;;
In Mind Magazine;In Mind Magazine;ellipse;#D41159;white;3;Writing_diss;Dissemination;yes;https://de.in-mind.org/;https://de.in-mind.org/;In-Mind Magazine, operated by the In-Mind Foundation, is an online quarterly publication that aims to make psychology accessible by offering peer-reviewed articles and content that bridges the gap between scientific research and the general public's understanding.In-Mind Magazine, operated by the In-Mind Foundation, is an online quarterly publication that aims to make psychology accessible by offering peer-reviewed articles and content that bridges the gap between scientific research and the general public's understanding.;FALSE;;
Gehirn und Geist;Gehirn und Geist;ellipse;#D41159;white;3;Writing_diss;Dissemination;yes;https://www.spektrum.de/magazin/gehirn-und-geist/;https://www.spektrum.de/magazin/gehirn-und-geist/;"""Gehirn und Geist"" is a German-language popular science magazine focused on psychology and neuroscience, providing articles and insights for readers interested in understanding the human mind and brain.";FALSE;;
Scientific American;Scientific American;ellipse;#D41159;white;3;Writing_diss;Dissemination;yes;https://www.scientificamerican.com/ ;https://www.scientificamerican.com/ ;Scientific American is a well-known popular science magazine that publishes articles covering a wide range of scientific disciplines, offering insights and discoveries to a broad audience.;FALSE;;
APS Observer;APS Observer;ellipse;#D41159;white;3;Writing_diss;Dissemination;yes;https://www.psychologicalscience.org/observer;https://www.psychologicalscience.org/observer;APS Observer is the monthly magazine of the Association for Psychological Science (APS), providing news, insights, and research highlights related to the field of psychology and the activities of APS.;FALSE;;
APA Monitor on Psychology;APA Monitor on Psychology;ellipse;#D41159;white;3;Writing_diss;Dissemination;yes;https://www.apa.org/monitor;https://www.apa.org/monitor;APA Monitor on Psychology is the monthly magazine published by the American Psychological Association (APA), offering news, features, and articles on psychology-related topics for psychologists and the general public.;FALSE;;
Social Media;Social Media;diamond;#40B0A6;white;2;Dissemination;Dissemination;no;NA;;NA;;;
Social Media;Social Media;diamond;#40B0A6;white;2;SocialMedia;Dissemination;no;NA;;NA;;;
Bluesky;Bluesky;ellipse;#D41159;white;3;SocialMedia;Dissemination;yes;https://bsky.app/;https://bsky.app/;;FALSE;;
Twitter;Twitter;ellipse;#D41159;white;3;SocialMedia;Dissemination;yes;https://twitter.com/home;https://twitter.com/home;"Twitter is a social media platform that enables users to share and read short posts called ""tweets,"" allowing for real-time updates, discussions, and information sharing in a concise format. At the moment rebranded to ""X"".";FALSE;;
Mastodon;Mastodon;ellipse;#D41159;white;3;SocialMedia;Dissemination;yes;https://joinmastodon.org/;https://joinmastodon.org/;Mastodon is an open-source, decentralized social media platform that operates as a network of independently run instances, allowing users to communicate and share content while retaining control over their data and community.;FALSE;;
TikTok;TikTok;ellipse;#D41159;white;3;SocialMedia;Dissemination;yes;https://www.tiktok.com/en/;https://www.tiktok.com/en/;TikTok is a social media platform that allows users to create and share short videos set to music or other audio, known for its popularity among younger generations.;FALSE;;
Instagram;Instagram;ellipse;#D41159;white;3;SocialMedia;Dissemination;yes;https://www.instagram.com/;https://www.instagram.com/;Instagram is a photo and video sharing social media platform that enables users to upload, edit, and share visual content with their followers.;FALSE;;
YouTube;YouTube;ellipse;#D41159;white;3;SocialMedia;Dissemination;yes;https://www.youtube.com/;https://www.youtube.com/;YouTube is a video-sharing platform where users can upload, watch, and interact with a wide variety of videos, spanning from entertainment to education.;FALSE;;